Step,AgentID,Stakeholder preference,Agent Type
1,301,28.0,Stakeholder
1,302,36.0,Stakeholder
1,303,36.0,Stakeholder
1,304,36.0,Stakeholder
1,305,33.0,Stakeholder
1,306,34.0,Stakeholder
1,307,36.0,Stakeholder
1,308,34.0,Stakeholder
1,309,38.0,Stakeholder
1,310,13.0,Stakeholder
1,311,56.0,Stakeholder
1,312,66.0,Stakeholder
1,313,75.0,Stakeholder
1,314,47.0,Stakeholder
1,315,54.0,Stakeholder
1,316,28.0,Stakeholder
2,301,28.0,Stakeholder
2,302,36.0,Stakeholder
2,303,36.0,Stakeholder
2,304,36.0,Stakeholder
2,305,33.0,Stakeholder
2,306,34.0,Stakeholder
2,307,36.0,Stakeholder
2,308,34.0,Stakeholder
2,309,38.0,Stakeholder
2,310,13.0,Stakeholder
2,311,56.0,Stakeholder
2,312,66.0,Stakeholder
2,313,75.0,Stakeholder
2,314,47.0,Stakeholder
2,315,54.0,Stakeholder
2,316,28.0,Stakeholder
3,301,28.0,Stakeholder
3,302,36.0,Stakeholder
3,303,36.0,Stakeholder
3,304,36.0,Stakeholder
3,305,33.0,Stakeholder
3,306,34.0,Stakeholder
3,307,36.0,Stakeholder
3,308,34.0,Stakeholder
3,309,38.0,Stakeholder
3,310,13.0,Stakeholder
3,311,56.0,Stakeholder
3,312,66.0,Stakeholder
3,313,75.0,Stakeholder
3,314,47.0,Stakeholder
3,315,54.0,Stakeholder
3,316,28.0,Stakeholder
4,301,28.0,Stakeholder
4,302,36.0,Stakeholder
4,303,36.0,Stakeholder
4,304,36.0,Stakeholder
4,305,33.0,Stakeholder
4,306,34.0,Stakeholder
4,307,36.0,Stakeholder
4,308,34.0,Stakeholder
4,309,38.0,Stakeholder
4,310,13.0,Stakeholder
4,311,56.0,Stakeholder
4,312,66.0,Stakeholder
4,313,75.0,Stakeholder
4,314,47.0,Stakeholder
4,315,54.0,Stakeholder
4,316,28.0,Stakeholder
5,301,28.0,Stakeholder
5,302,36.0,Stakeholder
5,303,36.0,Stakeholder
5,304,36.0,Stakeholder
5,305,33.0,Stakeholder
5,306,34.0,Stakeholder
5,307,36.0,Stakeholder
5,308,34.0,Stakeholder
5,309,38.0,Stakeholder
5,310,13.0,Stakeholder
5,311,56.0,Stakeholder
5,312,66.0,Stakeholder
5,313,75.0,Stakeholder
5,314,47.0,Stakeholder
5,315,54.0,Stakeholder
5,316,28.0,Stakeholder
6,301,28.0,Stakeholder
6,302,36.0,Stakeholder
6,303,36.0,Stakeholder
6,304,36.0,Stakeholder
6,305,33.0,Stakeholder
6,306,34.0,Stakeholder
6,307,36.0,Stakeholder
6,308,34.0,Stakeholder
6,309,38.0,Stakeholder
6,310,13.0,Stakeholder
6,311,56.0,Stakeholder
6,312,66.0,Stakeholder
6,313,75.0,Stakeholder
6,314,47.0,Stakeholder
6,315,54.0,Stakeholder
6,316,28.0,Stakeholder
7,301,28.0,Stakeholder
7,302,36.0,Stakeholder
7,303,36.0,Stakeholder
7,304,36.0,Stakeholder
7,305,33.0,Stakeholder
7,306,34.0,Stakeholder
7,307,36.0,Stakeholder
7,308,34.0,Stakeholder
7,309,38.0,Stakeholder
7,310,13.0,Stakeholder
7,311,56.0,Stakeholder
7,312,66.0,Stakeholder
7,313,75.0,Stakeholder
7,314,47.0,Stakeholder
7,315,54.0,Stakeholder
7,316,28.0,Stakeholder
8,301,28.0,Stakeholder
8,302,36.0,Stakeholder
8,303,36.0,Stakeholder
8,304,36.0,Stakeholder
8,305,33.0,Stakeholder
8,306,34.0,Stakeholder
8,307,36.0,Stakeholder
8,308,34.0,Stakeholder
8,309,38.0,Stakeholder
8,310,13.0,Stakeholder
8,311,56.0,Stakeholder
8,312,66.0,Stakeholder
8,313,75.0,Stakeholder
8,314,47.0,Stakeholder
8,315,54.0,Stakeholder
8,316,28.0,Stakeholder
9,301,28.0,Stakeholder
9,302,36.0,Stakeholder
9,303,36.0,Stakeholder
9,304,36.0,Stakeholder
9,305,33.0,Stakeholder
9,306,34.0,Stakeholder
9,307,36.0,Stakeholder
9,308,34.0,Stakeholder
9,309,38.0,Stakeholder
9,310,43.392156627741386,Stakeholder
9,311,56.0,Stakeholder
9,312,66.0,Stakeholder
9,313,43.392156627741386,Stakeholder
9,314,47.0,Stakeholder
9,315,54.0,Stakeholder
9,316,28.0,Stakeholder
10,301,28.0,Stakeholder
10,302,36.0,Stakeholder
10,303,36.0,Stakeholder
10,304,36.0,Stakeholder
10,305,33.0,Stakeholder
10,306,34.0,Stakeholder
10,307,36.0,Stakeholder
10,308,34.0,Stakeholder
10,309,38.0,Stakeholder
10,310,43.392156627741386,Stakeholder
10,311,56.0,Stakeholder
10,312,66.0,Stakeholder
10,313,43.392156627741386,Stakeholder
10,314,47.0,Stakeholder
10,315,54.0,Stakeholder
10,316,28.0,Stakeholder
11,301,28.0,Stakeholder
11,302,36.0,Stakeholder
11,303,36.0,Stakeholder
11,304,36.0,Stakeholder
11,305,33.0,Stakeholder
11,306,34.0,Stakeholder
11,307,36.0,Stakeholder
11,308,34.0,Stakeholder
11,309,38.0,Stakeholder
11,310,43.392156627741386,Stakeholder
11,311,56.0,Stakeholder
11,312,66.0,Stakeholder
11,313,43.392156627741386,Stakeholder
11,314,47.0,Stakeholder
11,315,54.0,Stakeholder
11,316,28.0,Stakeholder
12,301,28.0,Stakeholder
12,302,36.0,Stakeholder
12,303,36.0,Stakeholder
12,304,36.0,Stakeholder
12,305,33.0,Stakeholder
12,306,34.0,Stakeholder
12,307,36.0,Stakeholder
12,308,34.0,Stakeholder
12,309,38.0,Stakeholder
12,310,43.392156627741386,Stakeholder
12,311,56.0,Stakeholder
12,312,66.0,Stakeholder
12,313,43.392156627741386,Stakeholder
12,314,47.0,Stakeholder
12,315,54.0,Stakeholder
12,316,28.0,Stakeholder
13,301,28.0,Stakeholder
13,302,36.0,Stakeholder
13,303,36.0,Stakeholder
13,304,36.0,Stakeholder
13,305,33.0,Stakeholder
13,306,34.0,Stakeholder
13,307,36.0,Stakeholder
13,308,34.0,Stakeholder
13,309,38.0,Stakeholder
13,310,43.392156627741386,Stakeholder
13,311,56.0,Stakeholder
13,312,66.0,Stakeholder
13,313,43.392156627741386,Stakeholder
13,314,47.0,Stakeholder
13,315,54.0,Stakeholder
13,316,28.0,Stakeholder
14,301,28.0,Stakeholder
14,302,36.0,Stakeholder
14,303,36.0,Stakeholder
14,304,36.0,Stakeholder
14,305,33.0,Stakeholder
14,306,34.0,Stakeholder
14,307,36.0,Stakeholder
14,308,34.0,Stakeholder
14,309,38.0,Stakeholder
14,310,43.392156627741386,Stakeholder
14,311,56.0,Stakeholder
14,312,66.0,Stakeholder
14,313,43.392156627741386,Stakeholder
14,314,47.0,Stakeholder
14,315,54.0,Stakeholder
14,316,28.0,Stakeholder
15,301,28.0,Stakeholder
15,302,36.0,Stakeholder
15,303,36.0,Stakeholder
15,304,36.0,Stakeholder
15,305,33.0,Stakeholder
15,306,34.0,Stakeholder
15,307,36.0,Stakeholder
15,308,34.0,Stakeholder
15,309,38.0,Stakeholder
15,310,43.392156627741386,Stakeholder
15,311,56.0,Stakeholder
15,312,66.0,Stakeholder
15,313,43.392156627741386,Stakeholder
15,314,47.0,Stakeholder
15,315,54.0,Stakeholder
15,316,28.0,Stakeholder
16,301,28.0,Stakeholder
16,302,36.0,Stakeholder
16,303,36.0,Stakeholder
16,304,36.0,Stakeholder
16,305,33.0,Stakeholder
16,306,34.0,Stakeholder
16,307,36.0,Stakeholder
16,308,34.0,Stakeholder
16,309,38.0,Stakeholder
16,310,43.392156627741386,Stakeholder
16,311,56.0,Stakeholder
16,312,66.0,Stakeholder
16,313,43.392156627741386,Stakeholder
16,314,47.0,Stakeholder
16,315,54.0,Stakeholder
16,316,28.0,Stakeholder
17,301,28.0,Stakeholder
17,302,36.0,Stakeholder
17,303,36.0,Stakeholder
17,304,36.0,Stakeholder
17,305,33.0,Stakeholder
17,306,34.0,Stakeholder
17,307,36.0,Stakeholder
17,308,34.0,Stakeholder
17,309,38.0,Stakeholder
17,310,43.392156627741386,Stakeholder
17,311,56.0,Stakeholder
17,312,66.0,Stakeholder
17,313,43.392156627741386,Stakeholder
17,314,47.0,Stakeholder
17,315,54.0,Stakeholder
17,316,28.0,Stakeholder
18,301,28.0,Stakeholder
18,302,36.0,Stakeholder
18,303,36.0,Stakeholder
18,304,36.0,Stakeholder
18,305,33.0,Stakeholder
18,306,34.0,Stakeholder
18,307,36.0,Stakeholder
18,308,34.0,Stakeholder
18,309,38.0,Stakeholder
18,310,43.392156627741386,Stakeholder
18,311,56.0,Stakeholder
18,312,66.0,Stakeholder
18,313,43.392156627741386,Stakeholder
18,314,47.0,Stakeholder
18,315,54.0,Stakeholder
18,316,28.0,Stakeholder
19,301,28.0,Stakeholder
19,302,36.0,Stakeholder
19,303,36.0,Stakeholder
19,304,36.0,Stakeholder
19,305,33.0,Stakeholder
19,306,34.0,Stakeholder
19,307,36.0,Stakeholder
19,308,34.0,Stakeholder
19,309,38.0,Stakeholder
19,310,43.392156627741386,Stakeholder
19,311,56.0,Stakeholder
19,312,66.0,Stakeholder
19,313,43.392156627741386,Stakeholder
19,314,47.0,Stakeholder
19,315,54.0,Stakeholder
19,316,28.0,Stakeholder
20,301,28.0,Stakeholder
20,302,36.0,Stakeholder
20,303,36.0,Stakeholder
20,304,36.0,Stakeholder
20,305,33.0,Stakeholder
20,306,34.0,Stakeholder
20,307,36.0,Stakeholder
20,308,34.0,Stakeholder
20,309,38.0,Stakeholder
20,310,43.392156627741386,Stakeholder
20,311,56.0,Stakeholder
20,312,66.0,Stakeholder
20,313,43.392156627741386,Stakeholder
20,314,47.0,Stakeholder
20,315,54.0,Stakeholder
20,316,28.0,Stakeholder
21,301,28.0,Stakeholder
21,302,36.0,Stakeholder
21,303,36.0,Stakeholder
21,304,36.0,Stakeholder
21,305,33.0,Stakeholder
21,306,34.0,Stakeholder
21,307,36.0,Stakeholder
21,308,34.0,Stakeholder
21,309,38.0,Stakeholder
21,310,43.392156627741386,Stakeholder
21,311,56.0,Stakeholder
21,312,66.0,Stakeholder
21,313,43.392156627741386,Stakeholder
21,314,47.0,Stakeholder
21,315,54.0,Stakeholder
21,316,28.0,Stakeholder
22,301,28.0,Stakeholder
22,302,36.0,Stakeholder
22,303,36.0,Stakeholder
22,304,36.0,Stakeholder
22,305,33.0,Stakeholder
22,306,34.0,Stakeholder
22,307,36.0,Stakeholder
22,308,34.0,Stakeholder
22,309,38.0,Stakeholder
22,310,43.392156627741386,Stakeholder
22,311,56.0,Stakeholder
22,312,66.0,Stakeholder
22,313,43.392156627741386,Stakeholder
22,314,47.0,Stakeholder
22,315,54.0,Stakeholder
22,316,28.0,Stakeholder
23,301,28.0,Stakeholder
23,302,36.0,Stakeholder
23,303,36.0,Stakeholder
23,304,36.0,Stakeholder
23,305,33.0,Stakeholder
23,306,34.0,Stakeholder
23,307,36.0,Stakeholder
23,308,34.0,Stakeholder
23,309,38.0,Stakeholder
23,310,43.392156627741386,Stakeholder
23,311,56.0,Stakeholder
23,312,66.0,Stakeholder
23,313,43.392156627741386,Stakeholder
23,314,47.0,Stakeholder
23,315,54.0,Stakeholder
23,316,28.0,Stakeholder
24,301,28.0,Stakeholder
24,302,36.0,Stakeholder
24,303,36.0,Stakeholder
24,304,36.0,Stakeholder
24,305,33.0,Stakeholder
24,306,34.0,Stakeholder
24,307,36.0,Stakeholder
24,308,34.0,Stakeholder
24,309,38.0,Stakeholder
24,310,43.392156627741386,Stakeholder
24,311,56.0,Stakeholder
24,312,66.0,Stakeholder
24,313,43.392156627741386,Stakeholder
24,314,47.0,Stakeholder
24,315,54.0,Stakeholder
24,316,28.0,Stakeholder
25,301,28.0,Stakeholder
25,302,36.0,Stakeholder
25,303,36.0,Stakeholder
25,304,36.0,Stakeholder
25,305,33.0,Stakeholder
25,306,34.0,Stakeholder
25,307,36.0,Stakeholder
25,308,34.0,Stakeholder
25,309,38.0,Stakeholder
25,310,43.392156627741386,Stakeholder
25,311,56.0,Stakeholder
25,312,66.0,Stakeholder
25,313,43.392156627741386,Stakeholder
25,314,47.0,Stakeholder
25,315,54.0,Stakeholder
25,316,28.0,Stakeholder
